<?xml version="1.0" encoding="UTF-8"?>
<!DOCTYPE mapper
  PUBLIC "-//mybatis.org//DTD Mapper 3.0//EN"
  "http://mybatis.org/dtd/mybatis-3-mapper.dtd">
  
  <mapper namespace="com.multi.spring_boot_react.product.IProductDAO">
  		<resultMap id="prdResult" type="com.multi.spring_boot_react.product.ProductVO">
			<result property="prdNo" column="prdNo" />
	        <result property="prdName" column="prdName" />
	        <result property="prdPrice" column="prdPrice" />
	        <result property="prdCompany" column="prdCompany" />
	        <result property="prdStock" column="prdStock" />
		</resultMap> 
		
  		<!--  전체 상품 조회 -->
	  	<select id="productList" resultMap="prdResult">	  	  		
				SELECT * FROM product 
		</select>

		<!-- 상품 등록 -->
		<insert id="insertProduct" parameterType="com.multi.spring_boot_react.product.ProductVO">
			INSERT INTO product (prdNo, prdName, prdPrice, prdCompany, prdStock)
			VALUES (#{prdNo}, #{prdName}, #{prdPrice}, #{prdCompany}, #{prdStock})
		</insert>
		
		<!-- 상품 상세 정보 조회 -->
		<select id="productDeailView" parameterType="string"
					  resultType="com.multi.spring_boot_react.product.ProductVO">							  
			SELECT * FROM product WHERE prdNo= #{prdNo} 		
		</select>

		<!-- 상품 정보 수정 -->
		<update id="updateProduct" parameterType="com.multi.spring_boot_react.product.ProductVO">
			UPDATE product 
			SET prdNo=#{prdNo}, prdName=#{prdName}, prdPrice=#{prdPrice} 
					, prdCompany=#{prdCompany}, prdStock=#{prdStock}
			WHERE prdNo=#{prdNo}
		</update>		
		
		<!-- 상품 정보 삭제 -->
		<delete id="deleteProduct"  parameterType="string">
			DELETE FROM product WHERE prdNo=#{prdNo} 
		</delete>	
		
   </mapper>
   
   
   